{"env_info": "sys.platform: linux\nPython: 3.10.4 (main, Mar 31 2022, 08:41:55) [GCC 7.5.0]\nCUDA available: True\nGPU 0: Tesla T4\nCUDA_HOME: /usr/local/cuda\nNVCC: Cuda compilation tools, release 11.3, V11.3.109\nGCC: gcc (Debian 8.3.0-6) 8.3.0\nPyTorch: 1.12.0\nPyTorch compiling details: PyTorch built with:\n  - GCC 9.3\n  - C++ Version: 201402\n  - Intel(R) oneAPI Math Kernel Library Version 2021.4-Product Build 20210904 for Intel(R) 64 architecture applications\n  - Intel(R) MKL-DNN v2.6.0 (Git Hash 52b5f107dd9cf10910aaa19cb47f3abf9b349815)\n  - OpenMP 201511 (a.k.a. OpenMP 4.5)\n  - LAPACK is enabled (usually provided by MKL)\n  - NNPACK is enabled\n  - CPU capability usage: AVX2\n  - CUDA Runtime 11.3\n  - NVCC architecture flags: -gencode;arch=compute_37,code=sm_37;-gencode;arch=compute_50,code=sm_50;-gencode;arch=compute_60,code=sm_60;-gencode;arch=compute_61,code=sm_61;-gencode;arch=compute_70,code=sm_70;-gencode;arch=compute_75,code=sm_75;-gencode;arch=compute_80,code=sm_80;-gencode;arch=compute_86,code=sm_86;-gencode;arch=compute_37,code=compute_37\n  - CuDNN 8.3.2  (built against CUDA 11.5)\n  - Magma 2.5.2\n  - Build settings: BLAS_INFO=mkl, BUILD_TYPE=Release, CUDA_VERSION=11.3, CUDNN_VERSION=8.3.2, CXX_COMPILER=/opt/rh/devtoolset-9/root/usr/bin/c++, CXX_FLAGS= -Wno-deprecated -fvisibility-inlines-hidden -DUSE_PTHREADPOOL -fopenmp -DNDEBUG -DUSE_KINETO -DUSE_FBGEMM -DUSE_QNNPACK -DUSE_PYTORCH_QNNPACK -DUSE_XNNPACK -DSYMBOLICATE_MOBILE_DEBUG_HANDLE -DEDGE_PROFILER_USE_KINETO -O2 -fPIC -Wno-narrowing -Wall -Wextra -Werror=return-type -Wno-missing-field-initializers -Wno-type-limits -Wno-array-bounds -Wno-unknown-pragmas -Wno-unused-parameter -Wno-unused-function -Wno-unused-result -Wno-unused-local-typedefs -Wno-strict-overflow -Wno-strict-aliasing -Wno-error=deprecated-declarations -Wno-stringop-overflow -Wno-psabi -Wno-error=pedantic -Wno-error=redundant-decls -Wno-error=old-style-cast -fdiagnostics-color=always -faligned-new -Wno-unused-but-set-variable -Wno-maybe-uninitialized -fno-math-errno -fno-trapping-math -Werror=format -Werror=cast-function-type -Wno-stringop-overflow, LAPACK_INFO=mkl, PERF_WITH_AVX=1, PERF_WITH_AVX2=1, PERF_WITH_AVX512=1, TORCH_VERSION=1.12.0, USE_CUDA=ON, USE_CUDNN=ON, USE_EXCEPTION_PTR=1, USE_GFLAGS=OFF, USE_GLOG=OFF, USE_MKL=ON, USE_MKLDNN=OFF, USE_MPI=OFF, USE_NCCL=ON, USE_NNPACK=ON, USE_OPENMP=ON, USE_ROCM=OFF, \n\nTorchVision: 0.13.0\nOpenCV: 4.6.0\nMMCV: 1.5.3\nMMCV Compiler: GCC 8.3\nMMCV CUDA Compiler: 11.3\nMMClassification: 0.23.1+8cf70b4", "seed": 1129142077, "mmcls_version": "0.23.1", "config": "model = dict(\n    type='EarlyExitClassifier',\n    backbone=dict(type='BranchyNet', activated_branches=[True, True, True]),\n    head=dict(\n        type='emptyClsHead', loss=dict(type='BranchyNetLoss'), topk=(1, 5)))\ndataset_type = 'CIFAR10'\nimg_norm_cfg = dict(\n    mean=[125.307, 122.961, 113.8575],\n    std=[51.5865, 50.847, 51.255],\n    to_rgb=False)\ntrain_pipeline = [\n    dict(type='RandomCrop', size=32, padding=4),\n    dict(type='RandomFlip', flip_prob=0.5, direction='horizontal'),\n    dict(\n        type='Normalize',\n        mean=[125.307, 122.961, 113.8575],\n        std=[51.5865, 50.847, 51.255],\n        to_rgb=False),\n    dict(type='ImageToTensor', keys=['img']),\n    dict(type='ToTensor', keys=['gt_label']),\n    dict(type='Collect', keys=['img', 'gt_label'])\n]\ntest_pipeline = [\n    dict(\n        type='Normalize',\n        mean=[125.307, 122.961, 113.8575],\n        std=[51.5865, 50.847, 51.255],\n        to_rgb=False),\n    dict(type='ImageToTensor', keys=['img']),\n    dict(type='Collect', keys=['img'])\n]\ndata = dict(\n    samples_per_gpu=100,\n    workers_per_gpu=1,\n    train=dict(\n        type='CIFAR10',\n        data_prefix='data/cifar10',\n        pipeline=[\n            dict(type='RandomCrop', size=32, padding=4),\n            dict(type='RandomFlip', flip_prob=0.5, direction='horizontal'),\n            dict(\n                type='Normalize',\n                mean=[125.307, 122.961, 113.8575],\n                std=[51.5865, 50.847, 51.255],\n                to_rgb=False),\n            dict(type='ImageToTensor', keys=['img']),\n            dict(type='ToTensor', keys=['gt_label']),\n            dict(type='Collect', keys=['img', 'gt_label'])\n        ]),\n    val=dict(\n        type='CIFAR10',\n        data_prefix='data/cifar10',\n        pipeline=[\n            dict(\n                type='Normalize',\n                mean=[125.307, 122.961, 113.8575],\n                std=[51.5865, 50.847, 51.255],\n                to_rgb=False),\n            dict(type='ImageToTensor', keys=['img']),\n            dict(type='Collect', keys=['img'])\n        ],\n        test_mode=True),\n    test=dict(\n        type='CIFAR10',\n        data_prefix='data/cifar10',\n        pipeline=[\n            dict(\n                type='Normalize',\n                mean=[125.307, 122.961, 113.8575],\n                std=[51.5865, 50.847, 51.255],\n                to_rgb=False),\n            dict(type='ImageToTensor', keys=['img']),\n            dict(type='Collect', keys=['img'])\n        ],\n        test_mode=True))\noptimizer = dict(type='SGD', lr=0.001, momentum=0.9, weight_decay=0.0001)\noptimizer_config = dict(grad_clip=None)\nlr_config = dict(policy='step', step=[10, 20, 30])\nrunner = dict(type='EpochBasedRunner', max_epochs=15)\ncheckpoint_config = dict(interval=1)\nlog_config = dict(interval=100, hooks=[dict(type='TextLoggerHook')])\ndist_params = dict(backend='nccl')\nlog_level = 'INFO'\nresume_from = None\nworkflow = [('train', 1)]\nwork_dir = 'work_dir'\nload_from = False\ngpu_ids = [0]\nseed = 1129142077\n", "CLASSES": ["airplane", "automobile", "bird", "cat", "deer", "dog", "frog", "horse", "ship", "truck"], "hook_msgs": {"last_ckpt": "/home/carlwanninger/mmclassification/work_dir/epoch_3.pth"}, "epoch": 4, "iter": 2000, "mmcv_version": "1.5.3", "time": "Mon Aug  1 17:32:11 2022"}
{"mode": "train", "epoch": 5, "iter": 100, "lr": 0.0003, "memory": 3867, "data_time": 0.02105, "loss": 6.2514, "time": 0.63323}
{"mode": "train", "epoch": 5, "iter": 200, "lr": 0.0003, "memory": 3867, "data_time": 0.00334, "loss": 6.2349, "time": 0.6339}
{"mode": "train", "epoch": 5, "iter": 300, "lr": 0.00031, "memory": 3867, "data_time": 0.00328, "loss": 6.21406, "time": 0.63275}
{"mode": "train", "epoch": 5, "iter": 400, "lr": 0.00031, "memory": 3867, "data_time": 0.00332, "loss": 6.22441, "time": 0.63138}
{"mode": "train", "epoch": 5, "iter": 500, "lr": 0.00031, "memory": 3867, "data_time": 0.00351, "loss": 6.20199, "time": 0.63203}
{"mode": "val", "epoch": 5, "iter": 100, "lr": 0.00031, "accuracy_top-1": 48.31, "accuracy_top-5": 84.95}
{"mode": "train", "epoch": 6, "iter": 100, "lr": 0.00031, "memory": 3867, "data_time": 0.02065, "loss": 6.18307, "time": 0.64972}
{"mode": "train", "epoch": 6, "iter": 200, "lr": 0.00031, "memory": 3867, "data_time": 0.0033, "loss": 6.1734, "time": 0.63026}
{"mode": "train", "epoch": 6, "iter": 300, "lr": 0.00031, "memory": 3867, "data_time": 0.00349, "loss": 6.16426, "time": 0.63072}
{"mode": "train", "epoch": 6, "iter": 400, "lr": 0.00031, "memory": 3867, "data_time": 0.00331, "loss": 6.17865, "time": 0.62952}
{"mode": "train", "epoch": 6, "iter": 500, "lr": 0.00032, "memory": 3867, "data_time": 0.00334, "loss": 6.14716, "time": 0.63094}
{"mode": "val", "epoch": 6, "iter": 100, "lr": 0.00032, "accuracy_top-1": 49.23, "accuracy_top-5": 85.5}
{"mode": "train", "epoch": 7, "iter": 100, "lr": 0.00031, "memory": 3867, "data_time": 0.02068, "loss": 6.13951, "time": 0.64975}
{"mode": "train", "epoch": 7, "iter": 200, "lr": 0.00031, "memory": 3867, "data_time": 0.00334, "loss": 6.14188, "time": 0.62945}
{"mode": "train", "epoch": 7, "iter": 300, "lr": 0.00032, "memory": 3867, "data_time": 0.00331, "loss": 6.1212, "time": 0.62941}
{"mode": "train", "epoch": 7, "iter": 400, "lr": 0.00032, "memory": 3867, "data_time": 0.0033, "loss": 6.11063, "time": 0.63107}
{"mode": "train", "epoch": 7, "iter": 500, "lr": 0.00032, "memory": 3867, "data_time": 0.00342, "loss": 6.07965, "time": 0.62981}
{"mode": "val", "epoch": 7, "iter": 100, "lr": 0.00032, "accuracy_top-1": 52.1, "accuracy_top-5": 86.9}
{"mode": "train", "epoch": 8, "iter": 100, "lr": 0.00031, "memory": 3867, "data_time": 0.02048, "loss": 6.04789, "time": 0.65078}
{"mode": "train", "epoch": 8, "iter": 200, "lr": 0.00031, "memory": 3867, "data_time": 0.00337, "loss": 6.04569, "time": 0.62951}
{"mode": "train", "epoch": 8, "iter": 300, "lr": 0.00032, "memory": 3867, "data_time": 0.00332, "loss": 6.03457, "time": 0.63126}
{"mode": "train", "epoch": 8, "iter": 400, "lr": 0.00032, "memory": 3867, "data_time": 0.00333, "loss": 6.01949, "time": 0.63018}
{"mode": "train", "epoch": 8, "iter": 500, "lr": 0.00032, "memory": 3867, "data_time": 0.00338, "loss": 6.02258, "time": 0.63017}
{"mode": "val", "epoch": 8, "iter": 100, "lr": 0.00032, "accuracy_top-1": 51.43, "accuracy_top-5": 88.3}
{"mode": "train", "epoch": 9, "iter": 100, "lr": 0.00031, "memory": 3867, "data_time": 0.02072, "loss": 5.99053, "time": 0.64985}
{"mode": "train", "epoch": 9, "iter": 200, "lr": 0.00031, "memory": 3867, "data_time": 0.00335, "loss": 6.00127, "time": 0.62996}
{"mode": "train", "epoch": 9, "iter": 300, "lr": 0.00032, "memory": 3867, "data_time": 0.0033, "loss": 5.9935, "time": 0.63207}
{"mode": "train", "epoch": 9, "iter": 400, "lr": 0.00032, "memory": 3867, "data_time": 0.0035, "loss": 5.99061, "time": 0.63286}
{"mode": "train", "epoch": 9, "iter": 500, "lr": 0.00032, "memory": 3867, "data_time": 0.00335, "loss": 5.97253, "time": 0.63105}
{"mode": "val", "epoch": 9, "iter": 100, "lr": 0.00032, "accuracy_top-1": 53.79, "accuracy_top-5": 89.37}
{"mode": "train", "epoch": 10, "iter": 100, "lr": 0.00031, "memory": 3867, "data_time": 0.02052, "loss": 5.96054, "time": 0.64961}
{"mode": "train", "epoch": 10, "iter": 200, "lr": 0.00031, "memory": 3867, "data_time": 0.00335, "loss": 5.95571, "time": 0.63104}
{"mode": "train", "epoch": 10, "iter": 300, "lr": 0.00031, "memory": 3867, "data_time": 0.00333, "loss": 5.94246, "time": 0.63023}
{"mode": "train", "epoch": 10, "iter": 400, "lr": 0.00032, "memory": 3867, "data_time": 0.00331, "loss": 5.93236, "time": 0.63143}
{"mode": "train", "epoch": 10, "iter": 500, "lr": 0.00032, "memory": 3867, "data_time": 0.00355, "loss": 5.9374, "time": 0.63121}
{"mode": "val", "epoch": 10, "iter": 100, "lr": 0.00032, "accuracy_top-1": 54.84, "accuracy_top-5": 90.07999}
{"mode": "train", "epoch": 11, "iter": 100, "lr": 0.0003, "memory": 3867, "data_time": 0.02052, "loss": 5.93731, "time": 0.65012}
{"mode": "train", "epoch": 11, "iter": 200, "lr": 0.0003, "memory": 3867, "data_time": 0.00328, "loss": 5.91175, "time": 0.62971}
{"mode": "train", "epoch": 11, "iter": 300, "lr": 0.00031, "memory": 3867, "data_time": 0.00335, "loss": 5.91206, "time": 0.63127}
{"mode": "train", "epoch": 11, "iter": 400, "lr": 0.00031, "memory": 3867, "data_time": 0.00333, "loss": 5.90981, "time": 0.63162}
{"mode": "train", "epoch": 11, "iter": 500, "lr": 0.00031, "memory": 3867, "data_time": 0.00334, "loss": 5.89245, "time": 0.62995}
{"mode": "val", "epoch": 11, "iter": 100, "lr": 0.00031, "accuracy_top-1": 55.61, "accuracy_top-5": 89.37}
{"mode": "train", "epoch": 12, "iter": 100, "lr": 0.00029, "memory": 3867, "data_time": 0.0206, "loss": 5.89311, "time": 0.64944}
{"mode": "train", "epoch": 12, "iter": 200, "lr": 0.0003, "memory": 3867, "data_time": 0.00331, "loss": 5.875, "time": 0.631}
{"mode": "train", "epoch": 12, "iter": 300, "lr": 0.0003, "memory": 3867, "data_time": 0.00331, "loss": 5.87492, "time": 0.63073}
{"mode": "train", "epoch": 12, "iter": 400, "lr": 0.0003, "memory": 3867, "data_time": 0.00331, "loss": 5.88551, "time": 0.62955}
{"mode": "train", "epoch": 12, "iter": 500, "lr": 0.0003, "memory": 3867, "data_time": 0.0035, "loss": 5.86259, "time": 0.63167}
{"mode": "val", "epoch": 12, "iter": 100, "lr": 0.0003, "accuracy_top-1": 57.06, "accuracy_top-5": 90.16}
{"mode": "train", "epoch": 13, "iter": 100, "lr": 0.00028, "memory": 3867, "data_time": 0.02061, "loss": 5.83911, "time": 0.64968}
{"mode": "train", "epoch": 13, "iter": 200, "lr": 0.00029, "memory": 3867, "data_time": 0.00336, "loss": 5.8371, "time": 0.62953}
{"mode": "train", "epoch": 13, "iter": 300, "lr": 0.00029, "memory": 3867, "data_time": 0.00331, "loss": 5.83654, "time": 0.63132}
{"mode": "train", "epoch": 13, "iter": 400, "lr": 0.00029, "memory": 3867, "data_time": 0.0033, "loss": 5.86498, "time": 0.6335}
{"mode": "train", "epoch": 13, "iter": 500, "lr": 0.00029, "memory": 3867, "data_time": 0.00341, "loss": 5.83273, "time": 0.63081}
{"mode": "val", "epoch": 13, "iter": 100, "lr": 0.00029, "accuracy_top-1": 58.14, "accuracy_top-5": 90.23}
{"mode": "train", "epoch": 14, "iter": 100, "lr": 0.00027, "memory": 3867, "data_time": 0.02055, "loss": 5.83764, "time": 0.64969}
{"mode": "train", "epoch": 14, "iter": 200, "lr": 0.00027, "memory": 3867, "data_time": 0.0033, "loss": 5.81217, "time": 0.62973}
{"mode": "train", "epoch": 14, "iter": 300, "lr": 0.00027, "memory": 3867, "data_time": 0.0033, "loss": 5.80316, "time": 0.63271}
{"mode": "train", "epoch": 14, "iter": 400, "lr": 0.00028, "memory": 3867, "data_time": 0.00329, "loss": 5.81885, "time": 0.63126}
{"mode": "train", "epoch": 14, "iter": 500, "lr": 0.00028, "memory": 3867, "data_time": 0.00331, "loss": 5.80346, "time": 0.63144}
{"mode": "val", "epoch": 14, "iter": 100, "lr": 0.00028, "accuracy_top-1": 58.87, "accuracy_top-5": 91.5}
{"mode": "train", "epoch": 15, "iter": 100, "lr": 0.00026, "memory": 3867, "data_time": 0.02057, "loss": 5.78986, "time": 0.65065}
{"mode": "train", "epoch": 15, "iter": 200, "lr": 0.00026, "memory": 3867, "data_time": 0.00329, "loss": 5.78249, "time": 0.63041}
{"mode": "train", "epoch": 15, "iter": 300, "lr": 0.00026, "memory": 3867, "data_time": 0.0033, "loss": 5.78457, "time": 0.63258}
{"mode": "train", "epoch": 15, "iter": 400, "lr": 0.00026, "memory": 3867, "data_time": 0.00332, "loss": 5.78879, "time": 0.63015}
{"mode": "train", "epoch": 15, "iter": 500, "lr": 0.00026, "memory": 3867, "data_time": 0.00335, "loss": 5.78137, "time": 0.63128}
{"mode": "val", "epoch": 15, "iter": 100, "lr": 0.00026, "accuracy_top-1": 59.95, "accuracy_top-5": 91.74}
{"mode": "train", "epoch": 16, "iter": 100, "lr": 0.00024, "memory": 3867, "data_time": 0.02054, "loss": 5.74504, "time": 0.65099}
{"mode": "train", "epoch": 16, "iter": 200, "lr": 0.00024, "memory": 3867, "data_time": 0.00342, "loss": 5.75246, "time": 0.63178}
{"mode": "train", "epoch": 16, "iter": 300, "lr": 0.00024, "memory": 3867, "data_time": 0.00331, "loss": 5.76354, "time": 0.63179}
{"mode": "train", "epoch": 16, "iter": 400, "lr": 0.00024, "memory": 3867, "data_time": 0.00329, "loss": 5.74135, "time": 0.63033}
{"mode": "train", "epoch": 16, "iter": 500, "lr": 0.00024, "memory": 3867, "data_time": 0.00337, "loss": 5.7474, "time": 0.63011}
