{"env_info": "sys.platform: linux\nPython: 3.10.4 (main, Mar 31 2022, 08:41:55) [GCC 7.5.0]\nCUDA available: True\nGPU 0: Tesla T4\nCUDA_HOME: /usr/local/cuda\nNVCC: Cuda compilation tools, release 11.3, V11.3.109\nGCC: gcc (Debian 8.3.0-6) 8.3.0\nPyTorch: 1.12.0\nPyTorch compiling details: PyTorch built with:\n  - GCC 9.3\n  - C++ Version: 201402\n  - Intel(R) oneAPI Math Kernel Library Version 2021.4-Product Build 20210904 for Intel(R) 64 architecture applications\n  - Intel(R) MKL-DNN v2.6.0 (Git Hash 52b5f107dd9cf10910aaa19cb47f3abf9b349815)\n  - OpenMP 201511 (a.k.a. OpenMP 4.5)\n  - LAPACK is enabled (usually provided by MKL)\n  - NNPACK is enabled\n  - CPU capability usage: AVX2\n  - CUDA Runtime 11.3\n  - NVCC architecture flags: -gencode;arch=compute_37,code=sm_37;-gencode;arch=compute_50,code=sm_50;-gencode;arch=compute_60,code=sm_60;-gencode;arch=compute_61,code=sm_61;-gencode;arch=compute_70,code=sm_70;-gencode;arch=compute_75,code=sm_75;-gencode;arch=compute_80,code=sm_80;-gencode;arch=compute_86,code=sm_86;-gencode;arch=compute_37,code=compute_37\n  - CuDNN 8.3.2  (built against CUDA 11.5)\n  - Magma 2.5.2\n  - Build settings: BLAS_INFO=mkl, BUILD_TYPE=Release, CUDA_VERSION=11.3, CUDNN_VERSION=8.3.2, CXX_COMPILER=/opt/rh/devtoolset-9/root/usr/bin/c++, CXX_FLAGS= -Wno-deprecated -fvisibility-inlines-hidden -DUSE_PTHREADPOOL -fopenmp -DNDEBUG -DUSE_KINETO -DUSE_FBGEMM -DUSE_QNNPACK -DUSE_PYTORCH_QNNPACK -DUSE_XNNPACK -DSYMBOLICATE_MOBILE_DEBUG_HANDLE -DEDGE_PROFILER_USE_KINETO -O2 -fPIC -Wno-narrowing -Wall -Wextra -Werror=return-type -Wno-missing-field-initializers -Wno-type-limits -Wno-array-bounds -Wno-unknown-pragmas -Wno-unused-parameter -Wno-unused-function -Wno-unused-result -Wno-unused-local-typedefs -Wno-strict-overflow -Wno-strict-aliasing -Wno-error=deprecated-declarations -Wno-stringop-overflow -Wno-psabi -Wno-error=pedantic -Wno-error=redundant-decls -Wno-error=old-style-cast -fdiagnostics-color=always -faligned-new -Wno-unused-but-set-variable -Wno-maybe-uninitialized -fno-math-errno -fno-trapping-math -Werror=format -Werror=cast-function-type -Wno-stringop-overflow, LAPACK_INFO=mkl, PERF_WITH_AVX=1, PERF_WITH_AVX2=1, PERF_WITH_AVX512=1, TORCH_VERSION=1.12.0, USE_CUDA=ON, USE_CUDNN=ON, USE_EXCEPTION_PTR=1, USE_GFLAGS=OFF, USE_GLOG=OFF, USE_MKL=ON, USE_MKLDNN=OFF, USE_MPI=OFF, USE_NCCL=ON, USE_NNPACK=ON, USE_OPENMP=ON, USE_ROCM=OFF, \n\nTorchVision: 0.13.0\nOpenCV: 4.6.0\nMMCV: 1.5.3\nMMCV Compiler: GCC 8.3\nMMCV CUDA Compiler: 11.3\nMMClassification: 0.23.1+8cf70b4", "seed": 1129142077, "mmcls_version": "0.23.1", "config": "model = dict(\n    type='EarlyExitClassifier',\n    backbone=dict(type='BranchyNet', activated_branches=[True, True, True]),\n    head=dict(\n        type='emptyClsHead', loss=dict(type='BranchyNetLoss'), topk=(1, 5)))\ndataset_type = 'CIFAR10'\nimg_norm_cfg = dict(\n    mean=[125.307, 122.961, 113.8575],\n    std=[51.5865, 50.847, 51.255],\n    to_rgb=False)\ntrain_pipeline = [\n    dict(type='RandomCrop', size=32, padding=4),\n    dict(type='RandomFlip', flip_prob=0.5, direction='horizontal'),\n    dict(\n        type='Normalize',\n        mean=[125.307, 122.961, 113.8575],\n        std=[51.5865, 50.847, 51.255],\n        to_rgb=False),\n    dict(type='ImageToTensor', keys=['img']),\n    dict(type='ToTensor', keys=['gt_label']),\n    dict(type='Collect', keys=['img', 'gt_label'])\n]\ntest_pipeline = [\n    dict(\n        type='Normalize',\n        mean=[125.307, 122.961, 113.8575],\n        std=[51.5865, 50.847, 51.255],\n        to_rgb=False),\n    dict(type='ImageToTensor', keys=['img']),\n    dict(type='Collect', keys=['img'])\n]\ndata = dict(\n    samples_per_gpu=100,\n    workers_per_gpu=1,\n    train=dict(\n        type='CIFAR10',\n        data_prefix='data/cifar10',\n        pipeline=[\n            dict(type='RandomCrop', size=32, padding=4),\n            dict(type='RandomFlip', flip_prob=0.5, direction='horizontal'),\n            dict(\n                type='Normalize',\n                mean=[125.307, 122.961, 113.8575],\n                std=[51.5865, 50.847, 51.255],\n                to_rgb=False),\n            dict(type='ImageToTensor', keys=['img']),\n            dict(type='ToTensor', keys=['gt_label']),\n            dict(type='Collect', keys=['img', 'gt_label'])\n        ]),\n    val=dict(\n        type='CIFAR10',\n        data_prefix='data/cifar10',\n        pipeline=[\n            dict(\n                type='Normalize',\n                mean=[125.307, 122.961, 113.8575],\n                std=[51.5865, 50.847, 51.255],\n                to_rgb=False),\n            dict(type='ImageToTensor', keys=['img']),\n            dict(type='Collect', keys=['img'])\n        ],\n        test_mode=True),\n    test=dict(\n        type='CIFAR10',\n        data_prefix='data/cifar10',\n        pipeline=[\n            dict(\n                type='Normalize',\n                mean=[125.307, 122.961, 113.8575],\n                std=[51.5865, 50.847, 51.255],\n                to_rgb=False),\n            dict(type='ImageToTensor', keys=['img']),\n            dict(type='Collect', keys=['img'])\n        ],\n        test_mode=True))\noptimizer = dict(type='SGD', lr=0.001, momentum=0.9, weight_decay=0.0001)\noptimizer_config = dict(grad_clip=None)\nlr_config = dict(policy='step', step=[10, 20, 30])\nrunner = dict(type='EpochBasedRunner', max_epochs=15)\ncheckpoint_config = dict(interval=1)\nlog_config = dict(interval=100, hooks=[dict(type='TextLoggerHook')])\ndist_params = dict(backend='nccl')\nlog_level = 'INFO'\nresume_from = None\nworkflow = [('train', 1)]\nwork_dir = 'work_dir'\nload_from = False\ngpu_ids = [0]\nseed = 1129142077\n", "CLASSES": ["airplane", "automobile", "bird", "cat", "deer", "dog", "frog", "horse", "ship", "truck"], "hook_msgs": {"last_ckpt": "/home/carlwanninger/mmclassification/work_dir/epoch_14.pth"}, "epoch": 15, "iter": 7500, "mmcv_version": "1.5.3", "time": "Mon Aug  1 20:30:36 2022"}
{"mode": "train", "epoch": 16, "iter": 100, "lr": 0.00024, "memory": 3867, "data_time": 0.02094, "loss": 5.7589, "time": 0.6286}
{"mode": "train", "epoch": 16, "iter": 200, "lr": 0.00024, "memory": 3867, "data_time": 0.00334, "loss": 5.769, "time": 0.63423}
{"mode": "train", "epoch": 16, "iter": 300, "lr": 0.00024, "memory": 3867, "data_time": 0.00332, "loss": 5.75549, "time": 0.63067}
{"mode": "train", "epoch": 16, "iter": 400, "lr": 0.00024, "memory": 3867, "data_time": 0.00336, "loss": 5.75857, "time": 0.63201}
{"mode": "train", "epoch": 16, "iter": 500, "lr": 0.00024, "memory": 3867, "data_time": 0.00332, "loss": 5.74568, "time": 0.63065}
{"mode": "val", "epoch": 16, "iter": 100, "lr": 0.00024, "accuracy_top-1": 61.15, "accuracy_top-5": 92.21}
{"mode": "train", "epoch": 17, "iter": 100, "lr": 0.00022, "memory": 3867, "data_time": 0.02049, "loss": 5.72942, "time": 0.65585}
{"mode": "train", "epoch": 17, "iter": 200, "lr": 0.00022, "memory": 3867, "data_time": 0.00323, "loss": 5.7338, "time": 0.63169}
{"mode": "train", "epoch": 17, "iter": 300, "lr": 0.00022, "memory": 3867, "data_time": 0.0033, "loss": 5.75515, "time": 0.63146}
{"mode": "train", "epoch": 17, "iter": 400, "lr": 0.00022, "memory": 3867, "data_time": 0.00329, "loss": 5.72848, "time": 0.63061}
{"mode": "train", "epoch": 17, "iter": 500, "lr": 0.00023, "memory": 3867, "data_time": 0.00344, "loss": 5.72713, "time": 0.63307}
{"mode": "val", "epoch": 17, "iter": 100, "lr": 0.00023, "accuracy_top-1": 61.57, "accuracy_top-5": 92.92}
{"mode": "train", "epoch": 18, "iter": 100, "lr": 0.0002, "memory": 3867, "data_time": 0.02051, "loss": 5.72205, "time": 0.65388}
{"mode": "train", "epoch": 18, "iter": 200, "lr": 0.0002, "memory": 3867, "data_time": 0.00328, "loss": 5.71285, "time": 0.63203}
{"mode": "train", "epoch": 18, "iter": 300, "lr": 0.0002, "memory": 3867, "data_time": 0.00332, "loss": 5.71145, "time": 0.62963}
{"mode": "train", "epoch": 18, "iter": 400, "lr": 0.0002, "memory": 3867, "data_time": 0.00329, "loss": 5.70844, "time": 0.63151}
{"mode": "train", "epoch": 18, "iter": 500, "lr": 0.00021, "memory": 3867, "data_time": 0.00332, "loss": 5.70309, "time": 0.632}
{"mode": "val", "epoch": 18, "iter": 100, "lr": 0.00021, "accuracy_top-1": 61.46, "accuracy_top-5": 93.04}
{"mode": "train", "epoch": 19, "iter": 100, "lr": 0.00018, "memory": 3867, "data_time": 0.02046, "loss": 5.69569, "time": 0.64954}
{"mode": "train", "epoch": 19, "iter": 200, "lr": 0.00018, "memory": 3867, "data_time": 0.00332, "loss": 5.69898, "time": 0.62926}
{"mode": "train", "epoch": 19, "iter": 300, "lr": 0.00018, "memory": 3867, "data_time": 0.00328, "loss": 5.7015, "time": 0.63118}
{"mode": "train", "epoch": 19, "iter": 400, "lr": 0.00018, "memory": 3867, "data_time": 0.0033, "loss": 5.67986, "time": 0.63133}
{"mode": "train", "epoch": 19, "iter": 500, "lr": 0.00018, "memory": 3867, "data_time": 0.00329, "loss": 5.68153, "time": 0.6297}
{"mode": "val", "epoch": 19, "iter": 100, "lr": 0.00018, "accuracy_top-1": 63.91, "accuracy_top-5": 92.88}
{"mode": "train", "epoch": 20, "iter": 100, "lr": 0.00016, "memory": 3867, "data_time": 0.02054, "loss": 5.67602, "time": 0.65081}
{"mode": "train", "epoch": 20, "iter": 200, "lr": 0.00016, "memory": 3867, "data_time": 0.00331, "loss": 5.67536, "time": 0.63158}
{"mode": "train", "epoch": 20, "iter": 300, "lr": 0.00016, "memory": 3867, "data_time": 0.00329, "loss": 5.66425, "time": 0.62957}
{"mode": "train", "epoch": 20, "iter": 400, "lr": 0.00016, "memory": 3867, "data_time": 0.00334, "loss": 5.65796, "time": 0.63223}
{"mode": "train", "epoch": 20, "iter": 500, "lr": 0.00016, "memory": 3867, "data_time": 0.00331, "loss": 5.67013, "time": 0.63014}
{"mode": "val", "epoch": 20, "iter": 100, "lr": 0.00016, "accuracy_top-1": 63.98, "accuracy_top-5": 92.73}
{"mode": "train", "epoch": 21, "iter": 100, "lr": 0.00014, "memory": 3867, "data_time": 0.02046, "loss": 5.64035, "time": 0.64938}
{"mode": "train", "epoch": 21, "iter": 200, "lr": 0.00014, "memory": 3867, "data_time": 0.00329, "loss": 5.66663, "time": 0.63286}
{"mode": "train", "epoch": 21, "iter": 300, "lr": 0.00014, "memory": 3867, "data_time": 0.00329, "loss": 5.65293, "time": 0.6303}
{"mode": "train", "epoch": 21, "iter": 400, "lr": 0.00014, "memory": 3867, "data_time": 0.00328, "loss": 5.65367, "time": 0.63}
{"mode": "train", "epoch": 21, "iter": 500, "lr": 0.00014, "memory": 3867, "data_time": 0.00336, "loss": 5.65703, "time": 0.63074}
{"mode": "val", "epoch": 21, "iter": 100, "lr": 0.00014, "accuracy_top-1": 64.1, "accuracy_top-5": 93.21}
{"mode": "train", "epoch": 22, "iter": 100, "lr": 0.00012, "memory": 3867, "data_time": 0.02056, "loss": 5.64299, "time": 0.64975}
{"mode": "train", "epoch": 22, "iter": 200, "lr": 0.00012, "memory": 3867, "data_time": 0.00328, "loss": 5.63415, "time": 0.63187}
{"mode": "train", "epoch": 22, "iter": 300, "lr": 0.00012, "memory": 3867, "data_time": 0.00328, "loss": 5.63202, "time": 0.63186}
{"mode": "train", "epoch": 22, "iter": 400, "lr": 0.00012, "memory": 3867, "data_time": 0.00331, "loss": 5.63645, "time": 0.62996}
{"mode": "train", "epoch": 22, "iter": 500, "lr": 0.00012, "memory": 3867, "data_time": 0.00333, "loss": 5.64785, "time": 0.63158}
{"mode": "val", "epoch": 22, "iter": 100, "lr": 0.00012, "accuracy_top-1": 64.98, "accuracy_top-5": 93.13}
{"mode": "train", "epoch": 23, "iter": 100, "lr": 0.0001, "memory": 3867, "data_time": 0.02062, "loss": 5.62677, "time": 0.65629}
{"mode": "train", "epoch": 23, "iter": 200, "lr": 0.0001, "memory": 3867, "data_time": 0.00328, "loss": 5.62357, "time": 0.63105}
{"mode": "train", "epoch": 23, "iter": 300, "lr": 0.0001, "memory": 3867, "data_time": 0.00332, "loss": 5.61319, "time": 0.63094}
{"mode": "train", "epoch": 23, "iter": 400, "lr": 0.0001, "memory": 3867, "data_time": 0.00327, "loss": 5.61618, "time": 0.62977}
{"mode": "train", "epoch": 23, "iter": 500, "lr": 0.0001, "memory": 3867, "data_time": 0.00333, "loss": 5.6225, "time": 0.63024}
{"mode": "val", "epoch": 23, "iter": 100, "lr": 0.0001, "accuracy_top-1": 65.08, "accuracy_top-5": 93.3}
{"mode": "train", "epoch": 24, "iter": 100, "lr": 8e-05, "memory": 3867, "data_time": 0.0207, "loss": 5.60439, "time": 0.65037}
{"mode": "train", "epoch": 24, "iter": 200, "lr": 8e-05, "memory": 3867, "data_time": 0.00328, "loss": 5.59307, "time": 0.62949}
{"mode": "train", "epoch": 24, "iter": 300, "lr": 8e-05, "memory": 3867, "data_time": 0.00328, "loss": 5.63215, "time": 0.63263}
{"mode": "train", "epoch": 24, "iter": 400, "lr": 8e-05, "memory": 3867, "data_time": 0.00329, "loss": 5.61441, "time": 0.63136}
{"mode": "train", "epoch": 24, "iter": 500, "lr": 8e-05, "memory": 3867, "data_time": 0.00333, "loss": 5.6094, "time": 0.63027}
{"mode": "val", "epoch": 24, "iter": 100, "lr": 8e-05, "accuracy_top-1": 65.85, "accuracy_top-5": 93.74}
{"mode": "train", "epoch": 25, "iter": 100, "lr": 6e-05, "memory": 3867, "data_time": 0.0206, "loss": 5.59582, "time": 0.64997}
{"mode": "train", "epoch": 25, "iter": 200, "lr": 6e-05, "memory": 3867, "data_time": 0.00332, "loss": 5.59253, "time": 0.63139}
{"mode": "train", "epoch": 25, "iter": 300, "lr": 6e-05, "memory": 3867, "data_time": 0.00333, "loss": 5.60478, "time": 0.63159}
{"mode": "train", "epoch": 25, "iter": 400, "lr": 6e-05, "memory": 3867, "data_time": 0.00329, "loss": 5.59784, "time": 0.63128}
{"mode": "train", "epoch": 25, "iter": 500, "lr": 6e-05, "memory": 3867, "data_time": 0.00333, "loss": 5.61579, "time": 0.63074}
{"mode": "val", "epoch": 25, "iter": 100, "lr": 6e-05, "accuracy_top-1": 65.66, "accuracy_top-5": 93.67}
