{"env_info": "sys.platform: linux\nPython: 3.10.4 (main, Mar 31 2022, 08:41:55) [GCC 7.5.0]\nCUDA available: True\nGPU 0: Tesla T4\nCUDA_HOME: /usr/local/cuda\nNVCC: Cuda compilation tools, release 11.3, V11.3.109\nGCC: gcc (Debian 8.3.0-6) 8.3.0\nPyTorch: 1.12.0\nPyTorch compiling details: PyTorch built with:\n  - GCC 9.3\n  - C++ Version: 201402\n  - Intel(R) oneAPI Math Kernel Library Version 2021.4-Product Build 20210904 for Intel(R) 64 architecture applications\n  - Intel(R) MKL-DNN v2.6.0 (Git Hash 52b5f107dd9cf10910aaa19cb47f3abf9b349815)\n  - OpenMP 201511 (a.k.a. OpenMP 4.5)\n  - LAPACK is enabled (usually provided by MKL)\n  - NNPACK is enabled\n  - CPU capability usage: AVX2\n  - CUDA Runtime 11.3\n  - NVCC architecture flags: -gencode;arch=compute_37,code=sm_37;-gencode;arch=compute_50,code=sm_50;-gencode;arch=compute_60,code=sm_60;-gencode;arch=compute_61,code=sm_61;-gencode;arch=compute_70,code=sm_70;-gencode;arch=compute_75,code=sm_75;-gencode;arch=compute_80,code=sm_80;-gencode;arch=compute_86,code=sm_86;-gencode;arch=compute_37,code=compute_37\n  - CuDNN 8.3.2  (built against CUDA 11.5)\n  - Magma 2.5.2\n  - Build settings: BLAS_INFO=mkl, BUILD_TYPE=Release, CUDA_VERSION=11.3, CUDNN_VERSION=8.3.2, CXX_COMPILER=/opt/rh/devtoolset-9/root/usr/bin/c++, CXX_FLAGS= -Wno-deprecated -fvisibility-inlines-hidden -DUSE_PTHREADPOOL -fopenmp -DNDEBUG -DUSE_KINETO -DUSE_FBGEMM -DUSE_QNNPACK -DUSE_PYTORCH_QNNPACK -DUSE_XNNPACK -DSYMBOLICATE_MOBILE_DEBUG_HANDLE -DEDGE_PROFILER_USE_KINETO -O2 -fPIC -Wno-narrowing -Wall -Wextra -Werror=return-type -Wno-missing-field-initializers -Wno-type-limits -Wno-array-bounds -Wno-unknown-pragmas -Wno-unused-parameter -Wno-unused-function -Wno-unused-result -Wno-unused-local-typedefs -Wno-strict-overflow -Wno-strict-aliasing -Wno-error=deprecated-declarations -Wno-stringop-overflow -Wno-psabi -Wno-error=pedantic -Wno-error=redundant-decls -Wno-error=old-style-cast -fdiagnostics-color=always -faligned-new -Wno-unused-but-set-variable -Wno-maybe-uninitialized -fno-math-errno -fno-trapping-math -Werror=format -Werror=cast-function-type -Wno-stringop-overflow, LAPACK_INFO=mkl, PERF_WITH_AVX=1, PERF_WITH_AVX2=1, PERF_WITH_AVX512=1, TORCH_VERSION=1.12.0, USE_CUDA=ON, USE_CUDNN=ON, USE_EXCEPTION_PTR=1, USE_GFLAGS=OFF, USE_GLOG=OFF, USE_MKL=ON, USE_MKLDNN=OFF, USE_MPI=OFF, USE_NCCL=ON, USE_NNPACK=ON, USE_OPENMP=ON, USE_ROCM=OFF, \n\nTorchVision: 0.13.0\nOpenCV: 4.6.0\nMMCV: 1.5.3\nMMCV Compiler: GCC 8.3\nMMCV CUDA Compiler: 11.3\nMMClassification: 0.23.1+8cf70b4", "seed": 1129142077, "mmcls_version": "0.23.1", "config": "model = dict(\n    type='EarlyExitClassifier',\n    backbone=dict(type='BranchyNet', activated_branches=[True, True, True]),\n    head=dict(\n        type='emptyClsHead', loss=dict(type='BranchyNetLoss'), topk=(1, 5)))\ndataset_type = 'CIFAR10'\nimg_norm_cfg = dict(\n    mean=[125.307, 122.961, 113.8575],\n    std=[51.5865, 50.847, 51.255],\n    to_rgb=False)\ntrain_pipeline = [\n    dict(type='RandomCrop', size=32, padding=4),\n    dict(type='RandomFlip', flip_prob=0.5, direction='horizontal'),\n    dict(\n        type='Normalize',\n        mean=[125.307, 122.961, 113.8575],\n        std=[51.5865, 50.847, 51.255],\n        to_rgb=False),\n    dict(type='ImageToTensor', keys=['img']),\n    dict(type='ToTensor', keys=['gt_label']),\n    dict(type='Collect', keys=['img', 'gt_label'])\n]\ntest_pipeline = [\n    dict(\n        type='Normalize',\n        mean=[125.307, 122.961, 113.8575],\n        std=[51.5865, 50.847, 51.255],\n        to_rgb=False),\n    dict(type='ImageToTensor', keys=['img']),\n    dict(type='Collect', keys=['img'])\n]\ndata = dict(\n    samples_per_gpu=100,\n    workers_per_gpu=1,\n    train=dict(\n        type='CIFAR10',\n        data_prefix='data/cifar10',\n        pipeline=[\n            dict(type='RandomCrop', size=32, padding=4),\n            dict(type='RandomFlip', flip_prob=0.5, direction='horizontal'),\n            dict(\n                type='Normalize',\n                mean=[125.307, 122.961, 113.8575],\n                std=[51.5865, 50.847, 51.255],\n                to_rgb=False),\n            dict(type='ImageToTensor', keys=['img']),\n            dict(type='ToTensor', keys=['gt_label']),\n            dict(type='Collect', keys=['img', 'gt_label'])\n        ]),\n    val=dict(\n        type='CIFAR10',\n        data_prefix='data/cifar10',\n        pipeline=[\n            dict(\n                type='Normalize',\n                mean=[125.307, 122.961, 113.8575],\n                std=[51.5865, 50.847, 51.255],\n                to_rgb=False),\n            dict(type='ImageToTensor', keys=['img']),\n            dict(type='Collect', keys=['img'])\n        ],\n        test_mode=True),\n    test=dict(\n        type='CIFAR10',\n        data_prefix='data/cifar10',\n        pipeline=[\n            dict(\n                type='Normalize',\n                mean=[125.307, 122.961, 113.8575],\n                std=[51.5865, 50.847, 51.255],\n                to_rgb=False),\n            dict(type='ImageToTensor', keys=['img']),\n            dict(type='Collect', keys=['img'])\n        ],\n        test_mode=True))\noptimizer = dict(type='SGD', lr=0.001, momentum=0.9, weight_decay=0.0001)\noptimizer_config = dict(grad_clip=None)\nlr_config = dict(policy='step', step=[10, 20, 30])\nrunner = dict(type='EpochBasedRunner', max_epochs=15)\ncheckpoint_config = dict(interval=1)\nlog_config = dict(interval=100, hooks=[dict(type='TextLoggerHook')])\ndist_params = dict(backend='nccl')\nlog_level = 'INFO'\nresume_from = None\nworkflow = [('train', 1)]\nwork_dir = 'work_dir'\nload_from = False\ngpu_ids = [0]\nseed = 1129142077\n", "CLASSES": ["airplane", "automobile", "bird", "cat", "deer", "dog", "frog", "horse", "ship", "truck"]}
{"mode": "train", "epoch": 1, "iter": 100, "lr": 0.001, "memory": 3873, "data_time": 0.02104, "loss": 6.89262, "time": 0.69017}
{"mode": "train", "epoch": 1, "iter": 200, "lr": 0.001, "memory": 3873, "data_time": 0.00382, "loss": 6.84351, "time": 0.67413}
{"mode": "train", "epoch": 1, "iter": 300, "lr": 0.001, "memory": 3873, "data_time": 0.00356, "loss": 6.80353, "time": 0.67341}
{"mode": "train", "epoch": 1, "iter": 400, "lr": 0.001, "memory": 3873, "data_time": 0.00367, "loss": 6.77564, "time": 0.66996}
{"mode": "train", "epoch": 1, "iter": 500, "lr": 0.001, "memory": 3873, "data_time": 0.00357, "loss": 6.73557, "time": 0.67159}
{"mode": "val", "epoch": 1, "iter": 100, "lr": 0.001, "accuracy_top-1": 24.96, "accuracy_top-5": 75.08}
{"mode": "train", "epoch": 2, "iter": 100, "lr": 0.001, "memory": 3873, "data_time": 0.02052, "loss": 6.71063, "time": 0.69042}
{"mode": "train", "epoch": 2, "iter": 200, "lr": 0.001, "memory": 3873, "data_time": 0.00364, "loss": 6.68122, "time": 0.67066}
{"mode": "train", "epoch": 2, "iter": 300, "lr": 0.001, "memory": 3873, "data_time": 0.00364, "loss": 6.63818, "time": 0.67439}
{"mode": "train", "epoch": 2, "iter": 400, "lr": 0.001, "memory": 3873, "data_time": 0.00355, "loss": 6.60826, "time": 0.67205}
{"mode": "train", "epoch": 2, "iter": 500, "lr": 0.001, "memory": 3873, "data_time": 0.00362, "loss": 6.57461, "time": 0.67102}
{"mode": "val", "epoch": 2, "iter": 100, "lr": 0.001, "accuracy_top-1": 33.78, "accuracy_top-5": 77.95}
{"mode": "train", "epoch": 3, "iter": 100, "lr": 0.001, "memory": 3873, "data_time": 0.02077, "loss": 6.56151, "time": 0.69015}
{"mode": "train", "epoch": 3, "iter": 200, "lr": 0.001, "memory": 3873, "data_time": 0.00359, "loss": 6.51274, "time": 0.67128}
{"mode": "train", "epoch": 3, "iter": 300, "lr": 0.001, "memory": 3873, "data_time": 0.00363, "loss": 6.49986, "time": 0.67167}
{"mode": "train", "epoch": 3, "iter": 400, "lr": 0.001, "memory": 3873, "data_time": 0.00355, "loss": 6.46457, "time": 0.66972}
{"mode": "train", "epoch": 3, "iter": 500, "lr": 0.001, "memory": 3873, "data_time": 0.00359, "loss": 6.43919, "time": 0.6697}
{"mode": "val", "epoch": 3, "iter": 100, "lr": 0.001, "accuracy_top-1": 40.48, "accuracy_top-5": 80.54}
{"mode": "train", "epoch": 4, "iter": 100, "lr": 0.001, "memory": 3873, "data_time": 0.02051, "loss": 6.41699, "time": 0.69049}
{"mode": "train", "epoch": 4, "iter": 200, "lr": 0.001, "memory": 3873, "data_time": 0.00358, "loss": 6.39491, "time": 0.67232}
{"mode": "train", "epoch": 4, "iter": 300, "lr": 0.001, "memory": 3873, "data_time": 0.00358, "loss": 6.34947, "time": 0.67151}
{"mode": "train", "epoch": 4, "iter": 400, "lr": 0.001, "memory": 3873, "data_time": 0.00355, "loss": 6.30288, "time": 0.67055}
{"mode": "train", "epoch": 4, "iter": 500, "lr": 0.001, "memory": 3873, "data_time": 0.00365, "loss": 6.30251, "time": 0.67377}
{"mode": "val", "epoch": 4, "iter": 100, "lr": 0.001, "accuracy_top-1": 42.67, "accuracy_top-5": 82.87}
