{"env_info": "sys.platform: linux\nPython: 3.10.4 (main, Mar 31 2022, 08:41:55) [GCC 7.5.0]\nCUDA available: True\nGPU 0: Tesla T4\nCUDA_HOME: /usr/local/cuda\nNVCC: Cuda compilation tools, release 11.3, V11.3.109\nGCC: gcc (Debian 8.3.0-6) 8.3.0\nPyTorch: 1.12.0\nPyTorch compiling details: PyTorch built with:\n  - GCC 9.3\n  - C++ Version: 201402\n  - Intel(R) oneAPI Math Kernel Library Version 2021.4-Product Build 20210904 for Intel(R) 64 architecture applications\n  - Intel(R) MKL-DNN v2.6.0 (Git Hash 52b5f107dd9cf10910aaa19cb47f3abf9b349815)\n  - OpenMP 201511 (a.k.a. OpenMP 4.5)\n  - LAPACK is enabled (usually provided by MKL)\n  - NNPACK is enabled\n  - CPU capability usage: AVX2\n  - CUDA Runtime 11.3\n  - NVCC architecture flags: -gencode;arch=compute_37,code=sm_37;-gencode;arch=compute_50,code=sm_50;-gencode;arch=compute_60,code=sm_60;-gencode;arch=compute_61,code=sm_61;-gencode;arch=compute_70,code=sm_70;-gencode;arch=compute_75,code=sm_75;-gencode;arch=compute_80,code=sm_80;-gencode;arch=compute_86,code=sm_86;-gencode;arch=compute_37,code=compute_37\n  - CuDNN 8.3.2  (built against CUDA 11.5)\n  - Magma 2.5.2\n  - Build settings: BLAS_INFO=mkl, BUILD_TYPE=Release, CUDA_VERSION=11.3, CUDNN_VERSION=8.3.2, CXX_COMPILER=/opt/rh/devtoolset-9/root/usr/bin/c++, CXX_FLAGS= -Wno-deprecated -fvisibility-inlines-hidden -DUSE_PTHREADPOOL -fopenmp -DNDEBUG -DUSE_KINETO -DUSE_FBGEMM -DUSE_QNNPACK -DUSE_PYTORCH_QNNPACK -DUSE_XNNPACK -DSYMBOLICATE_MOBILE_DEBUG_HANDLE -DEDGE_PROFILER_USE_KINETO -O2 -fPIC -Wno-narrowing -Wall -Wextra -Werror=return-type -Wno-missing-field-initializers -Wno-type-limits -Wno-array-bounds -Wno-unknown-pragmas -Wno-unused-parameter -Wno-unused-function -Wno-unused-result -Wno-unused-local-typedefs -Wno-strict-overflow -Wno-strict-aliasing -Wno-error=deprecated-declarations -Wno-stringop-overflow -Wno-psabi -Wno-error=pedantic -Wno-error=redundant-decls -Wno-error=old-style-cast -fdiagnostics-color=always -faligned-new -Wno-unused-but-set-variable -Wno-maybe-uninitialized -fno-math-errno -fno-trapping-math -Werror=format -Werror=cast-function-type -Wno-stringop-overflow, LAPACK_INFO=mkl, PERF_WITH_AVX=1, PERF_WITH_AVX2=1, PERF_WITH_AVX512=1, TORCH_VERSION=1.12.0, USE_CUDA=ON, USE_CUDNN=ON, USE_EXCEPTION_PTR=1, USE_GFLAGS=OFF, USE_GLOG=OFF, USE_MKL=ON, USE_MKLDNN=OFF, USE_MPI=OFF, USE_NCCL=ON, USE_NNPACK=ON, USE_OPENMP=ON, USE_ROCM=OFF, \n\nTorchVision: 0.13.0\nOpenCV: 4.6.0\nMMCV: 1.5.3\nMMCV Compiler: GCC 8.3\nMMCV CUDA Compiler: 11.3\nMMClassification: 0.23.1+8cf70b4", "seed": 1129142077, "mmcls_version": "0.23.1", "config": "model = dict(\n    type='EarlyExitClassifier',\n    backbone=dict(type='BranchyNet', activated_branches=[True, True, True]),\n    head=dict(\n        type='emptyClsHead', loss=dict(type='BranchyNetLoss'), topk=(1, 5)))\ndataset_type = 'CIFAR10'\nimg_norm_cfg = dict(\n    mean=[125.307, 122.961, 113.8575],\n    std=[51.5865, 50.847, 51.255],\n    to_rgb=False)\ntrain_pipeline = [\n    dict(type='RandomCrop', size=32, padding=4),\n    dict(type='RandomFlip', flip_prob=0.5, direction='horizontal'),\n    dict(\n        type='Normalize',\n        mean=[125.307, 122.961, 113.8575],\n        std=[51.5865, 50.847, 51.255],\n        to_rgb=False),\n    dict(type='ImageToTensor', keys=['img']),\n    dict(type='ToTensor', keys=['gt_label']),\n    dict(type='Collect', keys=['img', 'gt_label'])\n]\ntest_pipeline = [\n    dict(\n        type='Normalize',\n        mean=[125.307, 122.961, 113.8575],\n        std=[51.5865, 50.847, 51.255],\n        to_rgb=False),\n    dict(type='ImageToTensor', keys=['img']),\n    dict(type='Collect', keys=['img'])\n]\ndata = dict(\n    samples_per_gpu=100,\n    workers_per_gpu=1,\n    train=dict(\n        type='CIFAR10',\n        data_prefix='data/cifar10',\n        pipeline=[\n            dict(type='RandomCrop', size=32, padding=4),\n            dict(type='RandomFlip', flip_prob=0.5, direction='horizontal'),\n            dict(\n                type='Normalize',\n                mean=[125.307, 122.961, 113.8575],\n                std=[51.5865, 50.847, 51.255],\n                to_rgb=False),\n            dict(type='ImageToTensor', keys=['img']),\n            dict(type='ToTensor', keys=['gt_label']),\n            dict(type='Collect', keys=['img', 'gt_label'])\n        ]),\n    val=dict(\n        type='CIFAR10',\n        data_prefix='data/cifar10',\n        pipeline=[\n            dict(\n                type='Normalize',\n                mean=[125.307, 122.961, 113.8575],\n                std=[51.5865, 50.847, 51.255],\n                to_rgb=False),\n            dict(type='ImageToTensor', keys=['img']),\n            dict(type='Collect', keys=['img'])\n        ],\n        test_mode=True),\n    test=dict(\n        type='CIFAR10',\n        data_prefix='data/cifar10',\n        pipeline=[\n            dict(\n                type='Normalize',\n                mean=[125.307, 122.961, 113.8575],\n                std=[51.5865, 50.847, 51.255],\n                to_rgb=False),\n            dict(type='ImageToTensor', keys=['img']),\n            dict(type='Collect', keys=['img'])\n        ],\n        test_mode=True))\noptimizer = dict(type='SGD', lr=0.001, momentum=0.9, weight_decay=0.0001)\noptimizer_config = dict(grad_clip=None)\nlr_config = dict(policy='step', step=[10, 20, 30])\nrunner = dict(type='EpochBasedRunner', max_epochs=15)\ncheckpoint_config = dict(interval=1)\nlog_config = dict(interval=100, hooks=[dict(type='TextLoggerHook')])\ndist_params = dict(backend='nccl')\nlog_level = 'INFO'\nresume_from = None\nworkflow = [('train', 1)]\nwork_dir = 'work_dir'\nload_from = False\ngpu_ids = [0]\nseed = 1129142077\n", "CLASSES": ["airplane", "automobile", "bird", "cat", "deer", "dog", "frog", "horse", "ship", "truck"], "hook_msgs": {"last_ckpt": "/home/carlwanninger/mmclassification/work_dir/epoch_38.pth"}, "epoch": 39, "iter": 19500, "mmcv_version": "1.5.3", "time": "Tue Aug  2 07:10:48 2022"}
{"mode": "train", "epoch": 40, "iter": 100, "lr": 0.00023, "memory": 3867, "data_time": 0.02105, "loss": 5.35716, "time": 0.66825}
{"mode": "train", "epoch": 40, "iter": 200, "lr": 0.00023, "memory": 3867, "data_time": 0.00331, "loss": 5.34023, "time": 0.6282}
{"mode": "train", "epoch": 40, "iter": 300, "lr": 0.00023, "memory": 3867, "data_time": 0.00344, "loss": 5.36835, "time": 0.63093}
{"mode": "train", "epoch": 40, "iter": 400, "lr": 0.00023, "memory": 3867, "data_time": 0.00335, "loss": 5.35412, "time": 0.63248}
{"mode": "train", "epoch": 40, "iter": 500, "lr": 0.00023, "memory": 3867, "data_time": 0.00336, "loss": 5.36656, "time": 0.63124}
{"mode": "val", "epoch": 40, "iter": 100, "lr": 0.00023, "accuracy_top-1": 70.24, "accuracy_top-5": 94.79}
{"mode": "train", "epoch": 41, "iter": 100, "lr": 0.00021, "memory": 3867, "data_time": 0.02077, "loss": 5.34947, "time": 0.64966}
{"mode": "train", "epoch": 41, "iter": 200, "lr": 0.00021, "memory": 3867, "data_time": 0.00335, "loss": 5.36073, "time": 0.62986}
{"mode": "train", "epoch": 41, "iter": 300, "lr": 0.00021, "memory": 3867, "data_time": 0.00334, "loss": 5.34713, "time": 0.63339}
{"mode": "train", "epoch": 41, "iter": 400, "lr": 0.00022, "memory": 3867, "data_time": 0.00334, "loss": 5.34935, "time": 0.63128}
{"mode": "train", "epoch": 41, "iter": 500, "lr": 0.00022, "memory": 3867, "data_time": 0.00338, "loss": 5.33099, "time": 0.62938}
{"mode": "val", "epoch": 41, "iter": 100, "lr": 0.00022, "accuracy_top-1": 70.52, "accuracy_top-5": 94.61}
{"mode": "train", "epoch": 42, "iter": 100, "lr": 0.0002, "memory": 3867, "data_time": 0.02058, "loss": 5.34521, "time": 0.65068}
{"mode": "train", "epoch": 42, "iter": 200, "lr": 0.0002, "memory": 3867, "data_time": 0.00349, "loss": 5.33387, "time": 0.63162}
{"mode": "train", "epoch": 42, "iter": 300, "lr": 0.0002, "memory": 3867, "data_time": 0.00336, "loss": 5.33301, "time": 0.63004}
{"mode": "train", "epoch": 42, "iter": 400, "lr": 0.0002, "memory": 3867, "data_time": 0.00342, "loss": 5.32403, "time": 0.63024}
{"mode": "train", "epoch": 42, "iter": 500, "lr": 0.0002, "memory": 3867, "data_time": 0.0034, "loss": 5.33622, "time": 0.63319}
{"mode": "val", "epoch": 42, "iter": 100, "lr": 0.0002, "accuracy_top-1": 70.91, "accuracy_top-5": 94.61}
{"mode": "train", "epoch": 43, "iter": 100, "lr": 0.00018, "memory": 3867, "data_time": 0.02052, "loss": 5.30873, "time": 0.6499}
{"mode": "train", "epoch": 43, "iter": 200, "lr": 0.00018, "memory": 3867, "data_time": 0.00356, "loss": 5.34238, "time": 0.62941}
{"mode": "train", "epoch": 43, "iter": 300, "lr": 0.00018, "memory": 3867, "data_time": 0.00332, "loss": 5.32748, "time": 0.62939}
{"mode": "train", "epoch": 43, "iter": 400, "lr": 0.00018, "memory": 3867, "data_time": 0.00342, "loss": 5.31764, "time": 0.62941}
{"mode": "train", "epoch": 43, "iter": 500, "lr": 0.00018, "memory": 3867, "data_time": 0.00334, "loss": 5.31202, "time": 0.62988}
{"mode": "val", "epoch": 43, "iter": 100, "lr": 0.00018, "accuracy_top-1": 70.72, "accuracy_top-5": 94.52}
{"mode": "train", "epoch": 44, "iter": 100, "lr": 0.00017, "memory": 3867, "data_time": 0.02053, "loss": 5.31143, "time": 0.65044}
{"mode": "train", "epoch": 44, "iter": 200, "lr": 0.00017, "memory": 3867, "data_time": 0.00335, "loss": 5.31206, "time": 0.62984}
{"mode": "train", "epoch": 44, "iter": 300, "lr": 0.00017, "memory": 3867, "data_time": 0.00329, "loss": 5.32384, "time": 0.63255}
{"mode": "train", "epoch": 44, "iter": 400, "lr": 0.00017, "memory": 3867, "data_time": 0.00329, "loss": 5.30627, "time": 0.63292}
{"mode": "train", "epoch": 44, "iter": 500, "lr": 0.00017, "memory": 3867, "data_time": 0.00335, "loss": 5.29939, "time": 0.63023}
{"mode": "val", "epoch": 44, "iter": 100, "lr": 0.00017, "accuracy_top-1": 71.05, "accuracy_top-5": 94.97}
{"mode": "train", "epoch": 45, "iter": 100, "lr": 0.00015, "memory": 3867, "data_time": 0.02059, "loss": 5.30234, "time": 0.64986}
{"mode": "train", "epoch": 45, "iter": 200, "lr": 0.00015, "memory": 3867, "data_time": 0.00328, "loss": 5.28832, "time": 0.62935}
{"mode": "train", "epoch": 45, "iter": 300, "lr": 0.00015, "memory": 3867, "data_time": 0.00334, "loss": 5.31282, "time": 0.63049}
{"mode": "train", "epoch": 45, "iter": 400, "lr": 0.00015, "memory": 3867, "data_time": 0.0034, "loss": 5.28962, "time": 0.63251}
{"mode": "train", "epoch": 45, "iter": 500, "lr": 0.00015, "memory": 3867, "data_time": 0.00333, "loss": 5.29657, "time": 0.63082}
{"mode": "val", "epoch": 45, "iter": 100, "lr": 0.00015, "accuracy_top-1": 71.26, "accuracy_top-5": 94.89}
{"mode": "train", "epoch": 46, "iter": 100, "lr": 0.00014, "memory": 3867, "data_time": 0.02051, "loss": 5.28344, "time": 0.64972}
{"mode": "train", "epoch": 46, "iter": 200, "lr": 0.00014, "memory": 3867, "data_time": 0.00333, "loss": 5.29181, "time": 0.62954}
{"mode": "train", "epoch": 46, "iter": 300, "lr": 0.00014, "memory": 3867, "data_time": 0.00345, "loss": 5.28475, "time": 0.63112}
{"mode": "train", "epoch": 46, "iter": 400, "lr": 0.00014, "memory": 3867, "data_time": 0.0035, "loss": 5.27378, "time": 0.63097}
{"mode": "train", "epoch": 46, "iter": 500, "lr": 0.00014, "memory": 3867, "data_time": 0.00333, "loss": 5.29944, "time": 0.62961}
{"mode": "val", "epoch": 46, "iter": 100, "lr": 0.00014, "accuracy_top-1": 71.05, "accuracy_top-5": 95.07}
{"mode": "train", "epoch": 47, "iter": 100, "lr": 0.00012, "memory": 3867, "data_time": 0.02058, "loss": 5.29382, "time": 0.64909}
{"mode": "train", "epoch": 47, "iter": 200, "lr": 0.00012, "memory": 3867, "data_time": 0.00333, "loss": 5.27768, "time": 0.62924}
{"mode": "train", "epoch": 47, "iter": 300, "lr": 0.00012, "memory": 3867, "data_time": 0.00337, "loss": 5.25688, "time": 0.62984}
{"mode": "train", "epoch": 47, "iter": 400, "lr": 0.00012, "memory": 3867, "data_time": 0.00343, "loss": 5.2782, "time": 0.63161}
{"mode": "train", "epoch": 47, "iter": 500, "lr": 0.00012, "memory": 3867, "data_time": 0.0035, "loss": 5.28761, "time": 0.63075}
{"mode": "val", "epoch": 47, "iter": 100, "lr": 0.00012, "accuracy_top-1": 71.58, "accuracy_top-5": 95.27}
{"mode": "train", "epoch": 48, "iter": 100, "lr": 0.00011, "memory": 3867, "data_time": 0.02055, "loss": 5.27887, "time": 0.64946}
{"mode": "train", "epoch": 48, "iter": 200, "lr": 0.00011, "memory": 3867, "data_time": 0.00333, "loss": 5.26989, "time": 0.62931}
{"mode": "train", "epoch": 48, "iter": 300, "lr": 0.00011, "memory": 3867, "data_time": 0.00338, "loss": 5.25957, "time": 0.62968}
{"mode": "train", "epoch": 48, "iter": 400, "lr": 0.00011, "memory": 3867, "data_time": 0.00364, "loss": 5.27126, "time": 0.63028}
{"mode": "train", "epoch": 48, "iter": 500, "lr": 0.00011, "memory": 3867, "data_time": 0.00349, "loss": 5.26627, "time": 0.62986}
{"mode": "val", "epoch": 48, "iter": 100, "lr": 0.00011, "accuracy_top-1": 71.57, "accuracy_top-5": 94.89}
{"mode": "train", "epoch": 49, "iter": 100, "lr": 9e-05, "memory": 3867, "data_time": 0.0206, "loss": 5.26941, "time": 0.64939}
{"mode": "train", "epoch": 49, "iter": 200, "lr": 9e-05, "memory": 3867, "data_time": 0.00335, "loss": 5.26013, "time": 0.62934}
{"mode": "train", "epoch": 49, "iter": 300, "lr": 9e-05, "memory": 3867, "data_time": 0.00355, "loss": 5.26701, "time": 0.63225}
{"mode": "train", "epoch": 49, "iter": 400, "lr": 9e-05, "memory": 3867, "data_time": 0.00331, "loss": 5.27827, "time": 0.63183}
{"mode": "train", "epoch": 49, "iter": 500, "lr": 9e-05, "memory": 3867, "data_time": 0.00336, "loss": 5.26988, "time": 0.63047}
{"mode": "val", "epoch": 49, "iter": 100, "lr": 9e-05, "accuracy_top-1": 71.38, "accuracy_top-5": 94.43999}
{"mode": "train", "epoch": 50, "iter": 100, "lr": 8e-05, "memory": 3867, "data_time": 0.02054, "loss": 5.24877, "time": 0.65082}
{"mode": "train", "epoch": 50, "iter": 200, "lr": 8e-05, "memory": 3867, "data_time": 0.00334, "loss": 5.24805, "time": 0.62963}
{"mode": "train", "epoch": 50, "iter": 300, "lr": 8e-05, "memory": 3867, "data_time": 0.00333, "loss": 5.27511, "time": 0.63052}
{"mode": "train", "epoch": 50, "iter": 400, "lr": 8e-05, "memory": 3867, "data_time": 0.00335, "loss": 5.25844, "time": 0.63274}
{"mode": "train", "epoch": 50, "iter": 500, "lr": 8e-05, "memory": 3867, "data_time": 0.00341, "loss": 5.25994, "time": 0.62963}
{"mode": "val", "epoch": 50, "iter": 100, "lr": 8e-05, "accuracy_top-1": 71.67, "accuracy_top-5": 94.86}
{"mode": "train", "epoch": 51, "iter": 100, "lr": 7e-05, "memory": 3867, "data_time": 0.02054, "loss": 5.251, "time": 0.65074}
{"mode": "train", "epoch": 51, "iter": 200, "lr": 7e-05, "memory": 3867, "data_time": 0.00329, "loss": 5.25671, "time": 0.63153}
{"mode": "train", "epoch": 51, "iter": 300, "lr": 7e-05, "memory": 3867, "data_time": 0.00334, "loss": 5.2612, "time": 0.63122}
{"mode": "train", "epoch": 51, "iter": 400, "lr": 7e-05, "memory": 3867, "data_time": 0.00342, "loss": 5.25465, "time": 0.6294}
{"mode": "train", "epoch": 51, "iter": 500, "lr": 7e-05, "memory": 3867, "data_time": 0.00334, "loss": 5.23642, "time": 0.62997}
{"mode": "val", "epoch": 51, "iter": 100, "lr": 7e-05, "accuracy_top-1": 71.82, "accuracy_top-5": 94.84}
{"mode": "train", "epoch": 52, "iter": 100, "lr": 5e-05, "memory": 3867, "data_time": 0.0206, "loss": 5.24917, "time": 0.64975}
{"mode": "train", "epoch": 52, "iter": 200, "lr": 5e-05, "memory": 3867, "data_time": 0.00334, "loss": 5.25054, "time": 0.62974}
{"mode": "train", "epoch": 52, "iter": 300, "lr": 5e-05, "memory": 3867, "data_time": 0.0035, "loss": 5.26261, "time": 0.63202}
{"mode": "train", "epoch": 52, "iter": 400, "lr": 5e-05, "memory": 3867, "data_time": 0.00333, "loss": 5.2423, "time": 0.631}
{"mode": "train", "epoch": 52, "iter": 500, "lr": 5e-05, "memory": 3867, "data_time": 0.00342, "loss": 5.23907, "time": 0.62952}
{"mode": "val", "epoch": 52, "iter": 100, "lr": 5e-05, "accuracy_top-1": 71.96, "accuracy_top-5": 95.02}
{"mode": "train", "epoch": 53, "iter": 100, "lr": 4e-05, "memory": 3867, "data_time": 0.02056, "loss": 5.23882, "time": 0.65009}
{"mode": "train", "epoch": 53, "iter": 200, "lr": 4e-05, "memory": 3867, "data_time": 0.00329, "loss": 5.23337, "time": 0.6295}
{"mode": "train", "epoch": 53, "iter": 300, "lr": 4e-05, "memory": 3867, "data_time": 0.0033, "loss": 5.25112, "time": 0.63259}
{"mode": "train", "epoch": 53, "iter": 400, "lr": 4e-05, "memory": 3867, "data_time": 0.00337, "loss": 5.23258, "time": 0.63263}
{"mode": "train", "epoch": 53, "iter": 500, "lr": 4e-05, "memory": 3867, "data_time": 0.00336, "loss": 5.25045, "time": 0.62999}
{"mode": "val", "epoch": 53, "iter": 100, "lr": 4e-05, "accuracy_top-1": 72.0, "accuracy_top-5": 94.87}
{"mode": "train", "epoch": 54, "iter": 100, "lr": 3e-05, "memory": 3867, "data_time": 0.02062, "loss": 5.24855, "time": 0.65044}
{"mode": "train", "epoch": 54, "iter": 200, "lr": 3e-05, "memory": 3867, "data_time": 0.0033, "loss": 5.22539, "time": 0.62977}
{"mode": "train", "epoch": 54, "iter": 300, "lr": 3e-05, "memory": 3867, "data_time": 0.00333, "loss": 5.25178, "time": 0.63277}
{"mode": "train", "epoch": 54, "iter": 400, "lr": 3e-05, "memory": 3867, "data_time": 0.00335, "loss": 5.21678, "time": 0.632}
{"mode": "train", "epoch": 54, "iter": 500, "lr": 3e-05, "memory": 3867, "data_time": 0.00336, "loss": 5.23973, "time": 0.63038}
{"mode": "val", "epoch": 54, "iter": 100, "lr": 3e-05, "accuracy_top-1": 72.07, "accuracy_top-5": 94.68999}
{"mode": "train", "epoch": 55, "iter": 100, "lr": 2e-05, "memory": 3867, "data_time": 0.02057, "loss": 5.24125, "time": 0.65024}
{"mode": "train", "epoch": 55, "iter": 200, "lr": 2e-05, "memory": 3867, "data_time": 0.0033, "loss": 5.23956, "time": 0.62926}
{"mode": "train", "epoch": 55, "iter": 300, "lr": 2e-05, "memory": 3867, "data_time": 0.00335, "loss": 5.23578, "time": 0.6314}
{"mode": "train", "epoch": 55, "iter": 400, "lr": 2e-05, "memory": 3867, "data_time": 0.00333, "loss": 5.23877, "time": 0.63211}
{"mode": "train", "epoch": 55, "iter": 500, "lr": 2e-05, "memory": 3867, "data_time": 0.00334, "loss": 5.23051, "time": 0.63022}
{"mode": "val", "epoch": 55, "iter": 100, "lr": 2e-05, "accuracy_top-1": 71.74, "accuracy_top-5": 95.02}
{"mode": "train", "epoch": 56, "iter": 100, "lr": 2e-05, "memory": 3867, "data_time": 0.02061, "loss": 5.22981, "time": 0.65024}
{"mode": "train", "epoch": 56, "iter": 200, "lr": 2e-05, "memory": 3867, "data_time": 0.00329, "loss": 5.22612, "time": 0.62991}
{"mode": "train", "epoch": 56, "iter": 300, "lr": 2e-05, "memory": 3867, "data_time": 0.00337, "loss": 5.2417, "time": 0.63221}
{"mode": "train", "epoch": 56, "iter": 400, "lr": 2e-05, "memory": 3867, "data_time": 0.00334, "loss": 5.2339, "time": 0.63315}
{"mode": "train", "epoch": 56, "iter": 500, "lr": 2e-05, "memory": 3867, "data_time": 0.00341, "loss": 5.22604, "time": 0.63096}
{"mode": "val", "epoch": 56, "iter": 100, "lr": 2e-05, "accuracy_top-1": 72.03, "accuracy_top-5": 94.78}
{"mode": "train", "epoch": 57, "iter": 100, "lr": 1e-05, "memory": 3867, "data_time": 0.02072, "loss": 5.21716, "time": 0.64996}
{"mode": "train", "epoch": 57, "iter": 200, "lr": 1e-05, "memory": 3867, "data_time": 0.00333, "loss": 5.23088, "time": 0.6294}
{"mode": "train", "epoch": 57, "iter": 300, "lr": 1e-05, "memory": 3867, "data_time": 0.00333, "loss": 5.22371, "time": 0.63197}
{"mode": "train", "epoch": 57, "iter": 400, "lr": 1e-05, "memory": 3867, "data_time": 0.00333, "loss": 5.24489, "time": 0.633}
{"mode": "train", "epoch": 57, "iter": 500, "lr": 1e-05, "memory": 3867, "data_time": 0.00335, "loss": 5.24193, "time": 0.63041}
{"mode": "val", "epoch": 57, "iter": 100, "lr": 1e-05, "accuracy_top-1": 72.14, "accuracy_top-5": 95.03}
{"mode": "train", "epoch": 58, "iter": 100, "lr": 1e-05, "memory": 3867, "data_time": 0.02054, "loss": 5.22113, "time": 0.65026}
{"mode": "train", "epoch": 58, "iter": 200, "lr": 1e-05, "memory": 3867, "data_time": 0.00332, "loss": 5.24134, "time": 0.62982}
{"mode": "train", "epoch": 58, "iter": 300, "lr": 1e-05, "memory": 3867, "data_time": 0.00333, "loss": 5.22459, "time": 0.63098}
{"mode": "train", "epoch": 58, "iter": 400, "lr": 1e-05, "memory": 3867, "data_time": 0.00337, "loss": 5.23613, "time": 0.633}
{"mode": "train", "epoch": 58, "iter": 500, "lr": 1e-05, "memory": 3867, "data_time": 0.00339, "loss": 5.2223, "time": 0.63176}
{"mode": "val", "epoch": 58, "iter": 100, "lr": 1e-05, "accuracy_top-1": 72.21, "accuracy_top-5": 94.98}
{"mode": "train", "epoch": 59, "iter": 100, "lr": 0.0, "memory": 3867, "data_time": 0.02062, "loss": 5.23417, "time": 0.65041}
