{"env_info": "sys.platform: linux\nPython: 3.10.4 (main, Mar 31 2022, 08:41:55) [GCC 7.5.0]\nCUDA available: True\nGPU 0: Tesla T4\nCUDA_HOME: /usr/local/cuda\nNVCC: Cuda compilation tools, release 11.3, V11.3.109\nGCC: gcc (Debian 8.3.0-6) 8.3.0\nPyTorch: 1.12.0\nPyTorch compiling details: PyTorch built with:\n  - GCC 9.3\n  - C++ Version: 201402\n  - Intel(R) oneAPI Math Kernel Library Version 2021.4-Product Build 20210904 for Intel(R) 64 architecture applications\n  - Intel(R) MKL-DNN v2.6.0 (Git Hash 52b5f107dd9cf10910aaa19cb47f3abf9b349815)\n  - OpenMP 201511 (a.k.a. OpenMP 4.5)\n  - LAPACK is enabled (usually provided by MKL)\n  - NNPACK is enabled\n  - CPU capability usage: AVX2\n  - CUDA Runtime 11.3\n  - NVCC architecture flags: -gencode;arch=compute_37,code=sm_37;-gencode;arch=compute_50,code=sm_50;-gencode;arch=compute_60,code=sm_60;-gencode;arch=compute_61,code=sm_61;-gencode;arch=compute_70,code=sm_70;-gencode;arch=compute_75,code=sm_75;-gencode;arch=compute_80,code=sm_80;-gencode;arch=compute_86,code=sm_86;-gencode;arch=compute_37,code=compute_37\n  - CuDNN 8.3.2  (built against CUDA 11.5)\n  - Magma 2.5.2\n  - Build settings: BLAS_INFO=mkl, BUILD_TYPE=Release, CUDA_VERSION=11.3, CUDNN_VERSION=8.3.2, CXX_COMPILER=/opt/rh/devtoolset-9/root/usr/bin/c++, CXX_FLAGS= -Wno-deprecated -fvisibility-inlines-hidden -DUSE_PTHREADPOOL -fopenmp -DNDEBUG -DUSE_KINETO -DUSE_FBGEMM -DUSE_QNNPACK -DUSE_PYTORCH_QNNPACK -DUSE_XNNPACK -DSYMBOLICATE_MOBILE_DEBUG_HANDLE -DEDGE_PROFILER_USE_KINETO -O2 -fPIC -Wno-narrowing -Wall -Wextra -Werror=return-type -Wno-missing-field-initializers -Wno-type-limits -Wno-array-bounds -Wno-unknown-pragmas -Wno-unused-parameter -Wno-unused-function -Wno-unused-result -Wno-unused-local-typedefs -Wno-strict-overflow -Wno-strict-aliasing -Wno-error=deprecated-declarations -Wno-stringop-overflow -Wno-psabi -Wno-error=pedantic -Wno-error=redundant-decls -Wno-error=old-style-cast -fdiagnostics-color=always -faligned-new -Wno-unused-but-set-variable -Wno-maybe-uninitialized -fno-math-errno -fno-trapping-math -Werror=format -Werror=cast-function-type -Wno-stringop-overflow, LAPACK_INFO=mkl, PERF_WITH_AVX=1, PERF_WITH_AVX2=1, PERF_WITH_AVX512=1, TORCH_VERSION=1.12.0, USE_CUDA=ON, USE_CUDNN=ON, USE_EXCEPTION_PTR=1, USE_GFLAGS=OFF, USE_GLOG=OFF, USE_MKL=ON, USE_MKLDNN=OFF, USE_MPI=OFF, USE_NCCL=ON, USE_NNPACK=ON, USE_OPENMP=ON, USE_ROCM=OFF, \n\nTorchVision: 0.13.0\nOpenCV: 4.6.0\nMMCV: 1.5.3\nMMCV Compiler: GCC 8.3\nMMCV CUDA Compiler: 11.3\nMMClassification: 0.23.1+8cf70b4", "seed": 1129142077, "mmcls_version": "0.23.1", "config": "model = dict(\n    type='EarlyExitClassifier',\n    backbone=dict(type='BranchyNet', activated_branches=[True, True, True]),\n    head=dict(\n        type='emptyClsHead', loss=dict(type='BranchyNetLoss'), topk=(1, 5)))\ndataset_type = 'CIFAR10'\nimg_norm_cfg = dict(\n    mean=[125.307, 122.961, 113.8575],\n    std=[51.5865, 50.847, 51.255],\n    to_rgb=False)\ntrain_pipeline = [\n    dict(type='RandomCrop', size=32, padding=4),\n    dict(type='RandomFlip', flip_prob=0.5, direction='horizontal'),\n    dict(\n        type='Normalize',\n        mean=[125.307, 122.961, 113.8575],\n        std=[51.5865, 50.847, 51.255],\n        to_rgb=False),\n    dict(type='ImageToTensor', keys=['img']),\n    dict(type='ToTensor', keys=['gt_label']),\n    dict(type='Collect', keys=['img', 'gt_label'])\n]\ntest_pipeline = [\n    dict(\n        type='Normalize',\n        mean=[125.307, 122.961, 113.8575],\n        std=[51.5865, 50.847, 51.255],\n        to_rgb=False),\n    dict(type='ImageToTensor', keys=['img']),\n    dict(type='Collect', keys=['img'])\n]\ndata = dict(\n    samples_per_gpu=100,\n    workers_per_gpu=1,\n    train=dict(\n        type='CIFAR10',\n        data_prefix='data/cifar10',\n        pipeline=[\n            dict(type='RandomCrop', size=32, padding=4),\n            dict(type='RandomFlip', flip_prob=0.5, direction='horizontal'),\n            dict(\n                type='Normalize',\n                mean=[125.307, 122.961, 113.8575],\n                std=[51.5865, 50.847, 51.255],\n                to_rgb=False),\n            dict(type='ImageToTensor', keys=['img']),\n            dict(type='ToTensor', keys=['gt_label']),\n            dict(type='Collect', keys=['img', 'gt_label'])\n        ]),\n    val=dict(\n        type='CIFAR10',\n        data_prefix='data/cifar10',\n        pipeline=[\n            dict(\n                type='Normalize',\n                mean=[125.307, 122.961, 113.8575],\n                std=[51.5865, 50.847, 51.255],\n                to_rgb=False),\n            dict(type='ImageToTensor', keys=['img']),\n            dict(type='Collect', keys=['img'])\n        ],\n        test_mode=True),\n    test=dict(\n        type='CIFAR10',\n        data_prefix='data/cifar10',\n        pipeline=[\n            dict(\n                type='Normalize',\n                mean=[125.307, 122.961, 113.8575],\n                std=[51.5865, 50.847, 51.255],\n                to_rgb=False),\n            dict(type='ImageToTensor', keys=['img']),\n            dict(type='Collect', keys=['img'])\n        ],\n        test_mode=True))\noptimizer = dict(type='SGD', lr=0.001, momentum=0.9, weight_decay=0.0001)\noptimizer_config = dict(grad_clip=None)\nlr_config = dict(policy='step', step=[10, 20, 30])\nrunner = dict(type='EpochBasedRunner', max_epochs=15)\ncheckpoint_config = dict(interval=1)\nlog_config = dict(interval=100, hooks=[dict(type='TextLoggerHook')])\ndist_params = dict(backend='nccl')\nlog_level = 'INFO'\nresume_from = None\nworkflow = [('train', 1)]\nwork_dir = 'work_dir'\nload_from = False\ngpu_ids = [0]\nseed = 1129142077\n", "CLASSES": ["airplane", "automobile", "bird", "cat", "deer", "dog", "frog", "horse", "ship", "truck"], "hook_msgs": {"last_ckpt": "/home/carlwanninger/mmclassification/work_dir/epoch_26.pth"}, "epoch": 27, "iter": 13500, "mmcv_version": "1.5.3", "time": "Mon Aug  1 22:06:13 2022"}
{"mode": "train", "epoch": 28, "iter": 100, "lr": 0.00038, "memory": 3867, "data_time": 0.02114, "loss": 5.61688, "time": 0.63938}
{"mode": "train", "epoch": 28, "iter": 200, "lr": 0.00038, "memory": 3867, "data_time": 0.00343, "loss": 5.61734, "time": 0.63159}
{"mode": "train", "epoch": 28, "iter": 300, "lr": 0.00038, "memory": 3867, "data_time": 0.00332, "loss": 5.59511, "time": 0.63291}
{"mode": "train", "epoch": 28, "iter": 400, "lr": 0.00039, "memory": 3867, "data_time": 0.00332, "loss": 5.60285, "time": 0.62928}
{"mode": "train", "epoch": 28, "iter": 500, "lr": 0.00039, "memory": 3867, "data_time": 0.00347, "loss": 5.60543, "time": 0.63095}
{"mode": "val", "epoch": 28, "iter": 100, "lr": 0.00039, "accuracy_top-1": 65.08, "accuracy_top-5": 93.7}
{"mode": "train", "epoch": 29, "iter": 100, "lr": 0.00037, "memory": 3867, "data_time": 0.02055, "loss": 5.57699, "time": 0.65062}
{"mode": "train", "epoch": 29, "iter": 200, "lr": 0.00037, "memory": 3867, "data_time": 0.0033, "loss": 5.59146, "time": 0.6294}
{"mode": "train", "epoch": 29, "iter": 300, "lr": 0.00037, "memory": 3867, "data_time": 0.00331, "loss": 5.58297, "time": 0.63025}
{"mode": "train", "epoch": 29, "iter": 400, "lr": 0.00038, "memory": 3867, "data_time": 0.00331, "loss": 5.56722, "time": 0.63117}
{"mode": "train", "epoch": 29, "iter": 500, "lr": 0.00038, "memory": 3867, "data_time": 0.00332, "loss": 5.58497, "time": 0.63122}
{"mode": "val", "epoch": 29, "iter": 100, "lr": 0.00038, "accuracy_top-1": 64.41, "accuracy_top-5": 93.25}
{"mode": "train", "epoch": 30, "iter": 100, "lr": 0.00036, "memory": 3867, "data_time": 0.02058, "loss": 5.57013, "time": 0.65004}
{"mode": "train", "epoch": 30, "iter": 200, "lr": 0.00036, "memory": 3867, "data_time": 0.00329, "loss": 5.55308, "time": 0.63055}
{"mode": "train", "epoch": 30, "iter": 300, "lr": 0.00036, "memory": 3867, "data_time": 0.0033, "loss": 5.56015, "time": 0.63266}
{"mode": "train", "epoch": 30, "iter": 400, "lr": 0.00037, "memory": 3867, "data_time": 0.00331, "loss": 5.52931, "time": 0.63163}
{"mode": "train", "epoch": 30, "iter": 500, "lr": 0.00037, "memory": 3867, "data_time": 0.00332, "loss": 5.55603, "time": 0.63133}
{"mode": "val", "epoch": 30, "iter": 100, "lr": 0.00037, "accuracy_top-1": 66.0, "accuracy_top-5": 93.81}
{"mode": "train", "epoch": 31, "iter": 100, "lr": 0.00035, "memory": 3867, "data_time": 0.02058, "loss": 5.52621, "time": 0.65021}
{"mode": "train", "epoch": 31, "iter": 200, "lr": 0.00035, "memory": 3867, "data_time": 0.00328, "loss": 5.53565, "time": 0.62939}
{"mode": "train", "epoch": 31, "iter": 300, "lr": 0.00035, "memory": 3867, "data_time": 0.0033, "loss": 5.53043, "time": 0.63163}
{"mode": "train", "epoch": 31, "iter": 400, "lr": 0.00036, "memory": 3867, "data_time": 0.00329, "loss": 5.52129, "time": 0.63081}
{"mode": "train", "epoch": 31, "iter": 500, "lr": 0.00036, "memory": 3867, "data_time": 0.00334, "loss": 5.54003, "time": 0.63028}
{"mode": "val", "epoch": 31, "iter": 100, "lr": 0.00036, "accuracy_top-1": 66.61, "accuracy_top-5": 94.16}
{"mode": "train", "epoch": 32, "iter": 100, "lr": 0.00034, "memory": 3867, "data_time": 0.02058, "loss": 5.50826, "time": 0.64953}
{"mode": "train", "epoch": 32, "iter": 200, "lr": 0.00034, "memory": 3867, "data_time": 0.00329, "loss": 5.50321, "time": 0.63015}
{"mode": "train", "epoch": 32, "iter": 300, "lr": 0.00034, "memory": 3867, "data_time": 0.00331, "loss": 5.512, "time": 0.63228}
{"mode": "train", "epoch": 32, "iter": 400, "lr": 0.00034, "memory": 3867, "data_time": 0.00334, "loss": 5.50906, "time": 0.63272}
{"mode": "train", "epoch": 32, "iter": 500, "lr": 0.00035, "memory": 3867, "data_time": 0.00333, "loss": 5.50679, "time": 0.63215}
{"mode": "val", "epoch": 32, "iter": 100, "lr": 0.00035, "accuracy_top-1": 68.13, "accuracy_top-5": 94.45}
{"mode": "train", "epoch": 33, "iter": 100, "lr": 0.00033, "memory": 3867, "data_time": 0.02071, "loss": 5.48732, "time": 0.64959}
{"mode": "train", "epoch": 33, "iter": 200, "lr": 0.00033, "memory": 3867, "data_time": 0.00329, "loss": 5.48693, "time": 0.62929}
{"mode": "train", "epoch": 33, "iter": 300, "lr": 0.00033, "memory": 3867, "data_time": 0.0033, "loss": 5.46474, "time": 0.62994}
{"mode": "train", "epoch": 33, "iter": 400, "lr": 0.00033, "memory": 3867, "data_time": 0.00328, "loss": 5.47678, "time": 0.63083}
{"mode": "train", "epoch": 33, "iter": 500, "lr": 0.00033, "memory": 3867, "data_time": 0.00333, "loss": 5.51575, "time": 0.63117}
{"mode": "val", "epoch": 33, "iter": 100, "lr": 0.00033, "accuracy_top-1": 67.89, "accuracy_top-5": 94.03}
{"mode": "train", "epoch": 34, "iter": 100, "lr": 0.00032, "memory": 3867, "data_time": 0.02051, "loss": 5.47033, "time": 0.65009}
{"mode": "train", "epoch": 34, "iter": 200, "lr": 0.00032, "memory": 3867, "data_time": 0.0033, "loss": 5.46295, "time": 0.62956}
{"mode": "train", "epoch": 34, "iter": 300, "lr": 0.00032, "memory": 3867, "data_time": 0.00332, "loss": 5.44417, "time": 0.63016}
{"mode": "train", "epoch": 34, "iter": 400, "lr": 0.00032, "memory": 3867, "data_time": 0.00329, "loss": 5.45069, "time": 0.63087}
{"mode": "train", "epoch": 34, "iter": 500, "lr": 0.00032, "memory": 3867, "data_time": 0.00333, "loss": 5.46779, "time": 0.63241}
{"mode": "val", "epoch": 34, "iter": 100, "lr": 0.00032, "accuracy_top-1": 68.78, "accuracy_top-5": 94.61}
{"mode": "train", "epoch": 35, "iter": 100, "lr": 0.0003, "memory": 3867, "data_time": 0.02063, "loss": 5.4726, "time": 0.65076}
{"mode": "train", "epoch": 35, "iter": 200, "lr": 0.0003, "memory": 3867, "data_time": 0.00331, "loss": 5.43752, "time": 0.63014}
{"mode": "train", "epoch": 35, "iter": 300, "lr": 0.0003, "memory": 3867, "data_time": 0.00331, "loss": 5.44162, "time": 0.62944}
{"mode": "train", "epoch": 35, "iter": 400, "lr": 0.00031, "memory": 3867, "data_time": 0.00331, "loss": 5.4351, "time": 0.63082}
{"mode": "train", "epoch": 35, "iter": 500, "lr": 0.00031, "memory": 3867, "data_time": 0.00335, "loss": 5.45686, "time": 0.63237}
{"mode": "val", "epoch": 35, "iter": 100, "lr": 0.00031, "accuracy_top-1": 68.23, "accuracy_top-5": 94.31}
{"mode": "train", "epoch": 36, "iter": 100, "lr": 0.00029, "memory": 3867, "data_time": 0.02057, "loss": 5.43881, "time": 0.64989}
{"mode": "train", "epoch": 36, "iter": 200, "lr": 0.00029, "memory": 3867, "data_time": 0.00342, "loss": 5.42375, "time": 0.62935}
{"mode": "train", "epoch": 36, "iter": 300, "lr": 0.00029, "memory": 3867, "data_time": 0.00334, "loss": 5.43635, "time": 0.62998}
{"mode": "train", "epoch": 36, "iter": 400, "lr": 0.00029, "memory": 3867, "data_time": 0.0033, "loss": 5.42516, "time": 0.63141}
{"mode": "train", "epoch": 36, "iter": 500, "lr": 0.00029, "memory": 3867, "data_time": 0.00333, "loss": 5.40483, "time": 0.63198}
{"mode": "val", "epoch": 36, "iter": 100, "lr": 0.00029, "accuracy_top-1": 69.04, "accuracy_top-5": 94.48}
{"mode": "train", "epoch": 37, "iter": 100, "lr": 0.00027, "memory": 3867, "data_time": 0.02049, "loss": 5.40416, "time": 0.6498}
{"mode": "train", "epoch": 37, "iter": 200, "lr": 0.00027, "memory": 3867, "data_time": 0.00332, "loss": 5.40701, "time": 0.63068}
{"mode": "train", "epoch": 37, "iter": 300, "lr": 0.00028, "memory": 3867, "data_time": 0.00335, "loss": 5.4144, "time": 0.62999}
{"mode": "train", "epoch": 37, "iter": 400, "lr": 0.00028, "memory": 3867, "data_time": 0.0033, "loss": 5.40213, "time": 0.62981}
{"mode": "train", "epoch": 37, "iter": 500, "lr": 0.00028, "memory": 3867, "data_time": 0.00332, "loss": 5.4128, "time": 0.62975}
{"mode": "val", "epoch": 37, "iter": 100, "lr": 0.00028, "accuracy_top-1": 69.82, "accuracy_top-5": 94.22}
{"mode": "train", "epoch": 38, "iter": 100, "lr": 0.00026, "memory": 3867, "data_time": 0.02048, "loss": 5.37884, "time": 0.64984}
{"mode": "train", "epoch": 38, "iter": 200, "lr": 0.00026, "memory": 3867, "data_time": 0.00332, "loss": 5.40845, "time": 0.62943}
{"mode": "train", "epoch": 38, "iter": 300, "lr": 0.00026, "memory": 3867, "data_time": 0.00327, "loss": 5.4044, "time": 0.62948}
{"mode": "train", "epoch": 38, "iter": 400, "lr": 0.00026, "memory": 3867, "data_time": 0.00333, "loss": 5.38289, "time": 0.62973}
{"mode": "train", "epoch": 38, "iter": 500, "lr": 0.00026, "memory": 3867, "data_time": 0.00331, "loss": 5.38564, "time": 0.62976}
{"mode": "val", "epoch": 38, "iter": 100, "lr": 0.00026, "accuracy_top-1": 69.89, "accuracy_top-5": 94.43}
{"mode": "train", "epoch": 39, "iter": 100, "lr": 0.00024, "memory": 3867, "data_time": 0.02051, "loss": 5.37986, "time": 0.64965}
{"mode": "train", "epoch": 39, "iter": 200, "lr": 0.00024, "memory": 3867, "data_time": 0.00338, "loss": 5.36247, "time": 0.6294}
{"mode": "train", "epoch": 39, "iter": 300, "lr": 0.00025, "memory": 3867, "data_time": 0.00345, "loss": 5.38143, "time": 0.63279}
{"mode": "train", "epoch": 39, "iter": 400, "lr": 0.00025, "memory": 3867, "data_time": 0.00329, "loss": 5.3825, "time": 0.63171}
{"mode": "train", "epoch": 39, "iter": 500, "lr": 0.00025, "memory": 3867, "data_time": 0.00334, "loss": 5.36874, "time": 0.63138}
{"mode": "val", "epoch": 39, "iter": 100, "lr": 0.00025, "accuracy_top-1": 69.67, "accuracy_top-5": 94.5}
